identifier,input-smiles,inchikey,smiles,true-value,pred-value,fingerprint,individual_full_descriptors_tabpfn-cc-signaturizer,individual_full_descriptors_tabpfn-rdkit-fingerprint,individual_full_descriptors_tabpfn-mordred,individual_full_descriptors_tabpfn-molfeat-chemgpt,individual_full_descriptors_tabpfn-grover-embedding,ersilia_embedding,manifolds,classic,individual_full_descriptors-cc-signaturizer,individual_full_descriptors-rdkit-fingerprint,individual_full_descriptors-mordred,individual_full_descriptors-molfeat-chemgpt,individual_full_descriptors-grover-embedding,molmap,reference_embedding,umap-0,umap-1,pca-0,pca-1
entry-0000000,COc1ccc(CN2CCC(NC(=O)c3cc(=O)c4ccc(F)cc4o3)CC2)c(F)c1,RASPHJGGIPBIMT-UHFFFAOYSA-N,COc1ccc(CN2CCC(NC(=O)c3cc(=O)c4ccc(F)cc4o3)CC2)c(F)c1,1.0,0.9087835417761932,0.9984330547140664,0.9992339,0.917337,0.99967295,0.9908262,0.9885363,0.9999722838401794,0.9333321452140808,0.8871045708656311,0.8322717622080679,0.8415876750065736,0.7816128393104815,0.8084557843244737,0.9597164949491844,0.966816782951355,0.9997335076332092,9.210626602172852,-0.7073196768760681,0.2279818803071975,0.2285231798887252
entry-0000001,CC(=O)Nc1ccc(CN2CCC(NC(=O)c3cc(=O)c4ccc(F)cc4o3)CC2)cc1,AXOYDNAEBFRXFX-UHFFFAOYSA-N,CC(=O)Nc1ccc(CN2CCC(NC(=O)c3cc(=O)c4ccc(F)cc4o3)CC2)cc1,0.0,0.8818618832703061,0.993386336481702,0.9861619,0.96644646,0.9963655,0.8623853,0.8806846,0.9988600611686708,0.7314322590827942,0.8419370055198669,0.9989384288747346,0.9073869892433878,0.8394211478190702,0.8084557843244737,0.816502337374505,0.9404630661010742,0.9759070873260498,9.009332656860352,-1.0018302202224731,0.2451323121786117,0.2748476862907409
entry-0000002,COc1cccc(CN2CCC(NC(=O)c3cc(=O)c4ccc(F)cc4o3)CC2)c1,AIDALYBWFLHEJP-UHFFFAOYSA-N,COc1cccc(CN2CCC(NC(=O)c3cc(=O)c4ccc(F)cc4o3)CC2)c1,1.0,0.9163854330660076,0.994804717756825,0.99966496,0.9870537,0.9998824,0.99023074,0.96862,0.9998172521591188,0.916254699230194,0.8837505578994751,0.8322717622080679,0.8966102315880546,0.8394211478190702,0.8084557843244737,0.97102527199841,0.9612633585929872,0.9980440735816956,8.693161964416504,-1.2145564556121826,0.3814476430416107,0.0484796613454818
entry-0000003,COc1ccc(CN2CCC(NC(=O)c3cc(=O)c4ccc(F)cc4o3)CC2)cc1F,NKKHUNXEXXFYQF-UHFFFAOYSA-N,COc1ccc(CN2CCC(NC(=O)c3cc(=O)c4ccc(F)cc4o3)CC2)cc1F,1.0,0.9212860987508318,0.9988751596400814,0.999211,0.9799161,0.99996424,0.9884793,0.9917135,0.9999095797538756,0.9361836910247804,0.8871045708656311,0.8322717622080679,0.8683074697330923,0.9141323259966349,0.8084557843244737,0.9597164949491844,0.9669008851051332,0.9997305274009703,9.007625579833984,-0.7284981608390808,0.2291720956563949,0.2277429401874542
entry-0000004,O=C(NC1CCN(Cc2ccccc2)CC1)c1cc(=O)c2ccc(F)cc2o1,COLOFELGEFWPSM-UHFFFAOYSA-N,O=C(NC1CCN(Cc2ccccc2)CC1)c1cc(=O)c2ccc(F)cc2o1,1.0,0.8909494607197307,0.993837804261089,0.99962777,0.9211216,0.9971697,0.96147275,0.92931277,0.9999216794967652,0.8209574222564697,0.8681206107139587,0.8107663858639819,0.8972588154603226,0.8394211478190702,0.7746311639179969,0.9220994850665564,0.949564814567566,0.99545419216156,9.150550842285156,-1.1604005098342896,0.6165944933891296,-0.0886246114969253
entry-0000005,CC(=O)c1ccc(CN2CCC(NC(=O)c3cc(=O)c4ccc(F)cc4o3)CC2)cc1,ZZCFQOGPJUCWRJ-UHFFFAOYSA-N,CC(=O)c1ccc(CN2CCC(NC(=O)c3cc(=O)c4ccc(F)cc4o3)CC2)cc1,1.0,0.8697279456863382,0.9892681430732184,0.9994417,0.9439032,0.99446565,0.9522216,0.56622005,0.999907612800598,0.8022842407226562,0.8851833939552307,0.8322717622080679,0.8693096633193603,0.92924798764591,0.7896885104964437,0.8363282153851235,0.9606581926345824,0.9626041650772096,8.789148330688477,-1.1810232400894165,0.3206748366355896,0.0726495012640953
entry-0000006,COc1ccc(CN2CCC(NC(=O)c3cc(=O)c4ccc(F)cc4o3)CC2)cc1,MZNNAIHCWWROJM-UHFFFAOYSA-N,COc1ccc(CN2CCC(NC(=O)c3cc(=O)c4ccc(F)cc4o3)CC2)cc1,1.0,0.9280419408122978,0.9818690443481414,0.9992309,0.9757543,0.9999259,0.99106914,0.96842974,0.9996850490570068,0.9174956679344176,0.8837505578994751,0.9989384288747346,0.8972588154603226,0.92924798764591,0.8084557843244737,0.97102527199841,0.9615800380706788,0.9982292652130128,9.019227981567385,-1.1542367935180664,0.381420224905014,0.0468105413019657
entry-0000007,O=C(NC1CCN(Cc2cccc(F)c2)CC1)c1cc(=O)c2ccc(F)cc2o1,YECSPBDBORKKPX-UHFFFAOYSA-N,O=C(NC1CCN(Cc2cccc(F)c2)CC1)c1cc(=O)c2ccc(F)cc2o1,1.0,0.904972628674957,0.9943236287025776,0.9998258,0.9166735,0.99931127,0.96158344,0.9781553,0.9999967217445374,0.8977534174919128,0.8761734366416931,0.8107663858639819,0.8656654088669161,0.9278387282899936,0.7917211235667033,0.9152508246134508,0.9500227570533752,0.9994900822639464,9.04371452331543,-1.0882230997085571,0.4440110623836517,0.1101880371570587
entry-0000008,Cc1nc2c([nH]1)CCN(C(=O)c1ccc(NC(=O)c3ccccc3-c3ccccc3)cc1)c1ccccc1-2,IKENVDNFQMCRTR-UHFFFAOYSA-N,Cc1nc2c([nH]1)-c1ccccc1N(C(=O)c1ccc(NC(=O)c3ccccc3-c3ccccc3)cc1)CC2,1.0,0.7987157647746118,0.983299903995466,0.75939965,0.5068504,0.95876867,0.86991364,0.9058756,0.9876013398170472,0.6699702739715576,0.8232870697975159,0.4707602339181286,0.7929038009150996,0.9373461455206016,0.8263872955823256,0.7005282514280381,0.8474449515342712,0.978956401348114,8.448554039001465,2.0814614295959477,1.743919014930725,0.6043217182159424
entry-0000009,CS(=O)(=O)CCNCc1ccc(-c2ccc3ncnc(Nc4ccc(OCc5cccc(F)c5)c(Cl)c4)c3c2)o1,BCFGMOOMADDAQU-UHFFFAOYSA-N,CS(=O)(=O)CCNCc1ccc(-c2ccc3ncnc(Nc4ccc(OCc5cccc(F)c5)c(Cl)c4)c3c2)o1,1.0,0.8153647431989112,0.919737292852558,0.72643113,0.7988098,0.9923067,0.863705,0.99002385,0.6779837012290955,0.855437159538269,0.7966421246528625,0.7066692268305171,0.6128148642434356,0.7970067630781916,0.8084557843244737,0.8668508268602886,0.8688955903053284,0.9994227290153505,8.942363739013672,-0.8779594898223877,0.9744356870651244,0.8926462531089783
entry-0000010,O=C1N=c2ccccc2=[N+]1C1CC[NH+](CCCC(c2ccc(F)cc2)c2ccc(F)cc2)CC1,SRXDFTXYNLJBGD-UHFFFAOYSA-N,O=C1N=c2ccccc2=[N+]1C1CCN(CCCC(c2ccc(F)cc2)c2ccc(F)cc2)CC1,1.0,0.9341535249910125,0.9992791168333216,0.9996457,0.9957371,0.99713784,0.9396185,0.9955747,0.9999999403953552,0.9583998322486876,0.878209114074707,0.9989384288747346,0.9537122527854276,0.9184584919640904,0.8084557843244737,0.9689190585348006,0.955162763595581,0.9999294877052308,7.368899345397949,3.708184480667114,0.7664437294006348,-0.6547831892967224
entry-0000011,CCCCNCCC(O)c1cc2c(Cl)cc(Cl)cc2c2cc(C(F)(F)F)ccc12,FYHCHSNOXWVJJT-UHFFFAOYSA-N,CCCCNCCC(O)c1cc2c(Cl)cc(Cl)cc2c2cc(C(F)(F)F)ccc12,1.0,0.839546979072054,0.9983920792319576,0.95918125,0.8024154,0.8634681,0.81811446,0.8172836,1.0,0.8888424634933472,0.8471234440803528,0.6666666666666666,0.7406609212268915,0.7882712175779403,0.802254397477583,0.837569787615207,0.9102185964584352,0.9999836683273317,6.547786235809326,3.985548496246338,0.3034251034259796,-0.0544208101928234
entry-0000012,[NH3+]CC[C@@H](O)c1cc2c(Cl)cc(Cl)cc2c2cc(C(F)(F)F)ccc12,WZERUXLWOKARGI-UHFFFAOYSA-N,NCCC(O)c1cc2c(Cl)cc(Cl)cc2c2cc(C(F)(F)F)ccc12,1.0,0.7148070959351295,0.917286276468429,0.8865471,0.581697,0.7041095,0.163543,0.5548433,1.0,0.7825215458869934,0.8524331450462341,0.53201379517169,0.6317243425830343,0.8032809840263255,0.7654866449836888,0.7404567072043382,0.7907086610794067,0.9999334812164308,6.516303539276123,2.5969974994659424,0.6301971673965454,0.4506496489048004
entry-0000013,CCCCNCC[C@H](O)c1cc2c(Cl)cc(Cl)cc2c2cc(C(F)(F)F)ccc12,FYHCHSNOXWVJJT-UHFFFAOYSA-N,CCCCNCCC(O)c1cc2c(Cl)cc(Cl)cc2c2cc(C(F)(F)F)ccc12,1.0,0.839364699834977,0.9983920792319576,0.95918125,0.8024154,0.8634681,0.81811446,0.8172836,1.0,0.8862476944923401,0.8471234440803528,0.6666666666666666,0.7406609212268915,0.7882712175779403,0.802254397477583,0.837569787615207,0.9102185964584352,0.9999836683273317,6.672786235809326,3.9771454334259033,0.3034251034259796,-0.0544208101928234
entry-0000014,CCCC[NH+](CCCC)CC[C@@H](O)c1cc2c(Cl)cc(Cl)cc2c2cc(C(F)(F)F)ccc12,FOHHNHSLJDZUGQ-UHFFFAOYSA-N,CCCCN(CCCC)CCC(O)c1cc2c(Cl)cc(Cl)cc2c2cc(C(F)(F)F)ccc12,1.0,0.8579953841459697,0.998840829645188,0.99959177,0.8761161,0.88973475,0.6563813,0.9004263,1.0,0.8661452531814575,0.8778557777404785,0.9772727272727272,0.824269721451177,0.8841151192922415,0.7217403495909899,0.8291480572726572,0.943383514881134,0.9999732971191406,6.631509780883789,3.840101718902588,0.0069127017632126,-0.3256616592407226
entry-0000015,Cc1ccc(-c2nc(NC(=O)CCN(C)C)cc(-n3nccc3C)n2)o1,QKTDEOKIVGAFHW-UHFFFAOYSA-N,Cc1ccc(-c2nc(NC(=O)CCN(C)C)cc(-n3nccc3C)n2)o1,1.0,0.7823824394253015,0.8067848106100589,0.9350049,0.99159044,0.7779455,0.84944916,0.9569203,0.9992302060127258,0.619080126285553,0.8576036691665649,0.9583333333333334,0.8788138832248743,0.5635689828336643,0.7843228862197311,0.5035975974130685,0.7005338668823242,0.974945902824402,9.062472343444824,2.8599796295166016,-0.181482195854187,1.8034372329711916
entry-0000016,CC1=C2[C@@H]3OC(=O)[C@@H](C)[C@@H]3[C@H](O)C[C@]2(C)C=CC1=O,LUHMMHZLDLBAKX-UHFFFAOYSA-N,CC1=C2C3OC(=O)C(C)C3C(O)CC2(C)C=CC1=O,0.0,0.2337834327071637,0.0645219527965617,0.17054182,0.06839093,0.008345467,0.8507016,0.008750336,0.0001434196601621,0.1386991441249847,0.2288983911275863,0.4107744107744108,0.4733272134299897,0.3163516153593414,0.6696893928149193,0.1482384476457865,0.1087521910667419,6.290235319283966e-07,5.11374568939209,-1.5225051641464231,-1.7230454683303833,-0.9088910222053528
entry-0000017,COCCOCC#Cc1cc(-c2n[nH]c3c2C(=O)c2cc(CN4CCN(C)CC4)ccc2-3)cs1,YACXOXQTGJXYNX-UHFFFAOYSA-N,COCCOCC#Cc1cc(-c2[nH]nc3c2C(=O)c2cc(CN4CCN(C)CC4)ccc2-3)cs1,1.0,0.7029195511007945,0.9910486115171854,0.7103068,0.15668486,0.4921392,0.859226,0.30407104,0.2797941267490387,0.8403204679489136,0.8819637894630432,0.6656050955414012,0.8489357328589743,0.9421489611012164,0.802254397477583,0.763860391487569,0.8349692225456238,0.4430164992809295,8.839160919189453,5.4488959312438965,-0.2759430110454559,0.960040271282196
entry-0000018,COc1ccc2c(c1)c(CC(=O)[O-])c(C)n2C(=O)c1ccc(Cl)cc1,CGIGDMFJXJATDK-UHFFFAOYSA-N,COc1ccc2c(c1)c(CC(=O)O)c(C)n2C(=O)c1ccc(Cl)cc1,0.0,0.3211029051103937,0.0677409555565511,0.07511843,0.71947855,0.23028617,0.31123856,0.27639034,0.0011751742567867,0.2058973908424377,0.3352494537830353,0.4683501683501683,0.6813941131598721,0.3480617127233668,0.6562967974652341,0.4140951625899871,0.3949137330055237,0.0171193424612283,6.787637710571289,3.373279333114624,0.6467286348342896,0.9351816773414612
entry-0000019,CC1CCN(c2c(F)c(N)c3c4c2OC[C@@H](C)[C@@H]4C=C(C(=O)O)C3=O)CC1,IQVXPHPKTBMBRA-UHFFFAOYSA-N,CC1CCN(c2c(F)c(N)c3c(O)c(C(=O)O)cc4c3c2OCC4C)CC1,0.0,0.335783079467508,0.2076206292334386,0.06188846,0.89408225,0.17831044,0.53691417,0.08448159,0.0067470632493495,0.1866758316755294,0.37919881939888,0.1632996632996633,0.6533398616221363,0.3410733222239054,0.645399890255448,0.3776184391520674,0.4904141128063202,0.3644669950008392,6.247718334197998,5.709266185760498,-0.7746342420578003,0.6705209612846375
entry-0000020,CN1CCc2cccc3c2[C@H]1Cc1ccc(O)c(O)c1-3,VMWNQDUVQKEIOC-UHFFFAOYSA-N,CN1CCc2cccc3c2C1Cc1ccc(O)c(O)c1-3,1.0,0.5593942539247874,0.8024855366118867,0.66141915,0.6690171,0.3081221,0.24424066,0.23973024,0.0084289843216538,0.8834437131881714,0.56284099817276,0.5757575757575758,0.726544872973865,0.7873764148208809,0.6714026715297696,0.502373796390503,0.857130229473114,0.0110572800040245,7.082840442657471,0.8303722739219666,0.8832389712333679,0.0422534309327602
entry-0000021,CN1CCc2cccc3c2[C@H]1Cc1ccc(O)c(O)c1-3.Cl,VMWNQDUVQKEIOC-UHFFFAOYSA-N,CN1CCc2cccc3c2C1Cc1ccc(O)c(O)c1-3,1.0,0.5570899768929375,0.8024855366118867,0.66141915,0.6690171,0.3081221,0.24424066,0.23973024,0.0084289843216538,0.8506420254707336,0.56284099817276,0.5757575757575758,0.726544872973865,0.7873764148208809,0.6714026715297696,0.502373796390503,0.857130229473114,0.0110572800040245,6.852512836456299,2.4147517681121826,0.8832389712333679,0.0422534309327602
entry-0000022,COc1ccc2cc3[n+](cc2c1OC)CCc1cc2c(cc1-3)OCO2,YBHILYKTIRIUTE-UHFFFAOYSA-N,COc1ccc2cc3[n+](cc2c1OC)CCc1cc2c(cc1-3)OCO2,0.0,0.6741706121612393,0.7817594285743832,0.3742424,0.34797955,0.5771171,0.3137541,0.887839,0.9999918937683104,0.945016086101532,0.8440406918525696,0.6538461538461539,0.5797721539703813,0.7845284057565715,0.6972739094610195,0.7226529526701162,0.786514401435852,0.9962654113769532,8.580692291259766,0.0638712868094444,0.5711477398872375,0.6653352975845337
entry-0000023,CCCCc1oc2ccc(NS(C)(=O)=O)cc2c1C(=O)c1ccc(OCCCN(CCCC)CCCC)cc1,ZQTNQVWKHCQYLQ-UHFFFAOYSA-N,CCCCc1oc2ccc(NS(C)(=O)=O)cc2c1C(=O)c1ccc(OCCCN(CCCC)CCCC)cc1,1.0,0.7124430363156827,0.3857789456158101,0.9956798,0.9019229,0.8126914,0.35451904,0.8747727,0.1202208325266838,0.7976416349411011,0.8489026427268982,0.9772727272727272,0.7427917877971758,0.931104290586572,0.5510123952262383,0.8736639619120657,0.8853537440299988,0.9997869729995728,7.771161556243896,1.594515085220337,-0.2448648661375045,-0.3767026364803314
entry-0000024,CCCCc1oc2ccccc2c1C(=O)c1cc(I)c(OCC[NH+](CC)CC)c(I)c1,IYIKLHRQXLHMJQ-UHFFFAOYSA-N,CCCCc1oc2ccccc2c1C(=O)c1cc(I)c(OCCN(CC)CC)c(I)c1,1.0,0.745133419525323,0.3643449979686954,0.9934659,0.8536759,0.5732066,0.5311853,0.72840524,0.993321180343628,0.9226458072662354,0.8294441103935242,0.8703703703703703,0.6070949417604977,0.9400846248997472,0.7191400915631297,0.9009889127651074,0.8666926622390747,0.9995133876800536,5.63263750076294,3.0975589752197266,0.0957749262452125,0.0890790969133377
entry-0000025,CCCCc1oc2ccccc2c1C(=O)c1cc(I)c(OCCN(CC)CC)c(I)c1,IYIKLHRQXLHMJQ-UHFFFAOYSA-N,CCCCc1oc2ccccc2c1C(=O)c1cc(I)c(OCCN(CC)CC)c(I)c1,1.0,0.7454728341587438,0.3643449979686954,0.9934659,0.8536759,0.5732066,0.5311853,0.72840524,0.993321180343628,0.9274774193763732,0.8294441103935242,0.8703703703703703,0.6070949417604977,0.9400846248997472,0.7191400915631297,0.9009889127651074,0.8666926622390747,0.9995133876800536,5.479024887084961,3.1242239475250244,0.0957749262452125,0.0890790969133377
entry-0000026,CC1=C(C/C=C(\C)CCCC(C)CCCC(C)CCCC(C)C)C(=O)c2ccccc2C1=O,LLVIVPAPYJXADK-UHFFFAOYSA-N,CC(C=Cc1c(C)c(O)c2ccccc2c1O)=CCCC(C)CCCC(C)CCCC(C)C,1.0,0.5795947962875472,0.5669891821237082,0.59647757,0.17439437,0.5342055,0.7636588,0.4677452,0.999978005886078,0.7394264936447144,0.6164633631706238,0.3472222222222222,0.4673080379161135,0.8349323788161286,0.6259954197003339,0.5941545242202045,0.5956052541732788,0.9216475486755372,6.642335891723633,0.6324291825294495,-0.5021441578865051,-1.2806198596954346
entry-0000027,CC1=C(C/C=C(\C)CCC[C@H](C)CCC[C@H](C)CCCC(C)C)C(=O)c2ccccc2C1=O,LLVIVPAPYJXADK-UHFFFAOYSA-N,CC(C=Cc1c(C)c(O)c2ccccc2c1O)=CCCC(C)CCCC(C)CCCC(C)C,1.0,0.5749678229473468,0.5669891821237082,0.59647757,0.17439437,0.5342055,0.7636588,0.4677452,0.999978005886078,0.6735609173774719,0.6164633631706238,0.3472222222222222,0.4673080379161135,0.8349323788161286,0.6259954197003339,0.5941545242202045,0.5956052541732788,0.9216475486755372,8.206857681274414,3.4523706436157227,-0.5021441578865051,-1.2806198596954346
entry-0000028,CN(CCN(C)S(=O)(=O)c1ccc(NS(C)(=O)=O)cc1)c1nc2ccccc2n1C,PELVIWZRAPOYAC-UHFFFAOYSA-N,CN(CCN(C)S(=O)(=O)c1ccc(NS(C)(=O)=O)cc1)c1nc2ccccc2n1C,1.0,0.6127914913919531,0.7965931725643379,0.31970337,0.5987721,0.41037944,0.4359407,0.77073914,0.9654088616371156,0.6683011054992676,0.677224338054657,0.4846491228070175,0.6901463367105188,0.5579957740672027,0.7055459247728245,0.5250049747543387,0.7637360095977783,0.968224823474884,6.952320575714111,-0.4971876740455627,0.5541715025901794,1.2517988681793213
entry-0000029,Cc1ccc([C@@]23CNC[C@@H]2C3)cc1,OFYVIGTWSQPCLF-UHFFFAOYSA-N,Cc1ccc(C23CNCC2C3)cc1,0.0,0.4299173036383537,0.0878550647341698,0.12121191,0.47426105,0.12107327,0.4301996,0.77460337,0.4042123854160309,0.8975404500961304,0.2153256386518478,0.75,0.7255037327302573,0.1931734851105311,0.4928099970504229,0.5370306863505033,0.6054055690765381,0.9067175984382628,5.388970851898193,3.9486799240112314,0.5629790425300598,-0.8874188661575317
entry-0000030,COc1ccc(CCNCCCNC(=O)c2ccc([N+](=O)[O-])cc2)cc1OC,XEAKAKKNLOUHDV-UHFFFAOYSA-N,COc1ccc(CCNCCCNC(=O)c2ccc([N+](=O)[O-])cc2)cc1OC,1.0,0.8169390486957561,0.9861999729930466,0.92336035,0.8142298,0.87342876,0.49313596,0.76747805,0.99750554561615,0.7961287498474121,0.7958767414093018,0.9761904761904764,0.8248423242944403,0.937643188196898,0.7654866449836888,0.8085174210655561,0.7430052757263184,0.9795205593109132,8.677590370178223,1.2551462650299072,0.4096216559410095,0.1218369901180267
entry-0000031,Cc1cccc(C)c1NC(=O)C[NH+]1CC[NH+](CCCC(c2ccc(F)cc2)c2ccc(F)cc2)CC1,ZBIAKUMOEKILTF-UHFFFAOYSA-N,Cc1cccc(C)c1NC(=O)CN1CCN(CCCC(c2ccc(F)cc2)c2ccc(F)cc2)CC1,1.0,0.934889235442716,0.9864602284687424,0.98948056,0.9723809,0.99984837,0.9935995,0.99964833,1.0,0.9568452835083008,0.8771251440048218,0.9797076596439652,0.8972167084355117,0.9184584919640904,0.8193443571262896,0.9946785493002296,0.9769147038459778,0.999988615512848,8.622628211975098,6.590663433074951,0.7468574643135071,-0.1327529400587082
entry-0000032,COc1cc2nc(N3CCN(C(=O)c4ccco4)CC3)nc(N)c2cc1OC,IENZQIKPVFGBNW-UHFFFAOYSA-N,COc1cc2nc(N3CCN(C(=O)c4ccco4)CC3)nc(N)c2cc1OC,1.0,0.8980516739457949,0.9955861874451192,0.98464394,0.9905479,0.99669236,0.9922261,0.9844367,0.9999930262565612,0.900555431842804,0.8091031312942505,0.9761904761904764,0.8794318042995284,0.9330814536523898,0.7410162383910429,0.8813710112563734,0.8418157696723938,0.9997476935386658,8.75217056274414,1.3288145065307615,-0.2686811983585357,1.5703116655349731
entry-0000033,CO/N=C1\CN(c2nc3c(cc2F)C(=O)[C@H](C(=O)O)CN3C2CC2)CC12CNC2,OWYFRDWZRZPAGB-UHFFFAOYSA-N,CON=C1CN(c2nc3c(cc2F)C(=O)C(C(=O)O)CN3C2CC2)CC12CNC2,0.0,0.40177732717935,0.2321318125136455,0.7317458,0.48421654,0.13792966,0.087382175,0.66343945,0.0001871558633865,0.3432180881500244,0.3439290821552276,0.332936507936508,0.585816412851953,0.2153204519058177,0.74573504531355,0.3643084339004486,0.3563665747642517,0.940134584903717,6.646424293518066,6.333131313323975,-1.381047248840332,0.940607249736786
entry-0000034,Clc1ccc2c(c1)N=C(N1CCNCC1)c1ccccc1N2,JNNOSTQEZICQQP-UHFFFAOYSA-N,Clc1ccc2c(c1)N=C(N1CCNCC1)c1ccccc1N2,1.0,0.8963431496109502,0.97800525014049,0.9996247,0.99223423,0.98510295,0.97464114,0.90626854,0.9982497692108154,0.9475789070129396,0.8210570216178894,0.9989384288747346,0.9381960067766792,0.9291313627575314,0.6642260774113701,0.9253343252530624,0.9296334981918336,0.9949047565460204,7.72921085357666,5.806860446929932,0.9058944582939148,0.7018136978149414
entry-0000035,Clc1ccc2c(c1)C(N1CCNCC1)=Nc1ccccc1O2,QWGDMFLQWFTERH-UHFFFAOYSA-N,Clc1ccc2c(c1)C(N1CCNCC1)=Nc1ccccc1O2,1.0,0.8675210458062471,0.9933272427696408,0.9998679,0.8486913,0.8743598,0.97149485,0.8369503,0.9962844848632812,0.9483546614646912,0.8295398950576782,0.9989384288747346,0.7653961174274524,0.9180602676528226,0.6917671110834525,0.8565600948656139,0.9328315258026124,0.9753122329711914,7.677639961242676,6.033329486846924,0.8850424885749817,0.4192177951335907
entry-0000036,Cc1cn(-c2cc(NC(=O)c3ccc(C)c(Nc4nccc(-c5cccnc5)n4)c3)cc(C(F)(F)F)c2)cn1,HHZIURLSWUIHRB-UHFFFAOYSA-N,Cc1cn(-c2cc(NC(=O)c3ccc(C)c(Nc4nccc(-c5cccnc5)n4)c3)cc(C(F)(F)F)c2)cn1,1.0,0.7420133278099884,0.992570126328315,0.76935315,0.51333517,0.9648108,0.76071984,0.8649027,0.9999982118606568,0.4059801399707794,0.7963008880615234,0.5476190476190476,0.6828031481454533,0.6641071307333444,0.7717569992385919,0.6542480234970803,0.8438504934310913,0.9838047027587892,6.559577465057373,7.569896221160889,0.8860422968864441,1.5963565111160278
entry-0000037,N#Cc1ccc(Cn2cncc2C[NH2+][C@@H]2CCN(C(=O)c3cccc(Cl)c3)C2=O)cc1,KYPUJSDJTKKTQO-UHFFFAOYSA-N,N#Cc1ccc(Cn2cncc2CNC2CCN(C(=O)c3cccc(Cl)c3)C2=O)cc1,1.0,0.8826251719452683,0.9819885976714652,0.99392635,0.96855754,0.9383128,0.83913475,0.7937829,0.6070719361305237,0.920567274093628,0.8855796456336975,0.956439393939394,0.9444815143689036,0.9237159742707596,0.8084557843244737,0.9103464614001572,0.897097647190094,0.9520794749259948,6.129676818847656,8.120394706726074,0.6015011072158813,0.5883083939552307
entry-0000038,CCCC(C)C1(CC)C(=O)NC(=S)NC1=O,IUJDSEJGGMCXSG-UHFFFAOYSA-N,CCCC(C)C1(CC)C(=O)NC(=S)NC1=O,1.0,0.1385016843218122,0.1508814532995578,0.008941741,0.003081384,0.26889715,0.018456653,0.09029738,1.5356626192897238e-07,0.1124252006411552,0.1246692687273025,0.0,0.3526765118469226,0.17643475572047,0.5510123952262383,0.1435193422575699,0.0664899870753288,5.428850045063882e-07,5.663035869598389,1.2631624937057495,-1.74498450756073,-0.3733739852905273
entry-0000039,CN(CCOc1ccc(CC2SC(=O)NC2=O)cc1)c1ccccn1,FLDPBMANMDLQTH-UHFFFAOYSA-N,CN(CCOc1ccc(Cc2sc(=O)[nH]c2O)cc1)c1ccccn1,0.0,0.4035227559294296,0.1350707197802873,0.04136755,0.6421539,0.31336406,0.17122702,0.11427123,0.1997279226779937,0.7131317257881165,0.5185017585754395,0.4906806156806158,0.6066935662134466,0.4484680676912209,0.7065742045819904,0.6487251069912209,0.6238093376159668,0.0110909938812255,6.483368873596191,0.4625574648380279,0.5868257880210876,0.9386941194534302
entry-0000040,O=C(NC[C@H]1CCCC[NH2+]1)c1cc(OCC(F)(F)F)ccc1OCC(F)(F)F,DJBNUMBKLMJRSA-UHFFFAOYSA-N,O=C(NCC1CCCCN1)c1cc(OCC(F)(F)F)ccc1OCC(F)(F)F,1.0,0.6662259170082764,0.883694059670053,0.9134504,0.8607767,0.41003308,0.15939681,0.76920843,0.0007923360099084,0.7713207006454468,0.764057993888855,0.9949494949494948,0.7480327285822723,0.5403911564625851,0.6325435790012833,0.6720180719472716,0.8009397387504578,0.8991006016731262,4.660942554473877,-0.4321662187576294,-0.6992412805557251,-0.1986398845911026
entry-0000041,O=C1CCC(c2ccc(Nc3ccncc3)cc2)=NN1,XEBRQQXYWHMEQW-UHFFFAOYSA-N,O=C1CCC(c2ccc(Nc3ccncc3)cc2)=NN1,1.0,0.5729933273376938,0.5273102383976241,0.6275867,0.88896114,0.7097371,0.75182194,0.58119905,3.4457243600627407e-06,0.6198415160179138,0.3203073143959045,0.8350168350168351,0.6713567155729984,0.1159961592292419,0.8263872955823256,0.4672548933628224,0.7404592633247375,0.1744530200958252,6.632288455963135,6.71660852432251,0.7982709407806396,0.779148519039154
entry-0000042,O=c1cc[nH+]c(NCC2CCN(c3nc4ccccc4n3Cc3ccc(F)cc3)CC2)[nH]1,AVTBWIUBCJLMAN-UHFFFAOYSA-N,O=c1cc[nH]c(NCC2CCN(c3nc4ccccc4n3Cc3ccc(F)cc3)CC2)n1,1.0,0.909189846947347,0.998940786449216,0.9142735,0.98877406,0.99914974,0.9141186,0.9954521,0.8432512283325195,0.92554771900177,0.8468199968338013,0.8106060606060606,0.9558371620803616,0.9353208452394872,0.8084557843244737,0.986255684074285,0.9342283606529236,0.9996967911720276,7.698266506195068,3.5356740951538086,0.4786898791790008,0.6615214943885803
entry-0000043,Nc1nc(N)nc(CCCc2nc(N)nc(N)n2)n1,FKMPMGPMZGQACL-UHFFFAOYSA-N,Nc1nc(N)nc(CCCc2nc(N)nc(N)n2)n1,0.0,0.2027717805384972,0.1731370766782715,0.020564063,0.006571783,0.5161853,0.17895009,0.117488116,0.104085624217987,0.2883233726024627,0.3742028772830963,0.4905723905723906,0.2378616867681567,0.1890004984354664,0.1450902843497194,0.2709129373238114,0.2542791664600372,0.9999202489852904,9.32892894744873,1.035443902015686,-1.3445528745651243,3.3222548961639404
entry-0000044,C[NH+](C)CCC[C@]1(c2ccc(F)cc2)OCc2cc(C#N)ccc21,WSEQXVZVJXJVFP-UHFFFAOYSA-N,CN(C)CCCC1(c2ccc(F)cc2)OCc2cc(C#N)ccc21,1.0,0.8705882257054336,0.9445978602653032,0.71201944,0.96301645,0.9888784,0.7326701,0.9604724,0.9999968409538268,0.8885211944580078,0.887753963470459,0.8214285714285715,0.9197677079492464,0.9254097809696216,0.7696717182224705,0.9390277541713568,0.9655171036720276,0.9984325170516968,5.685695648193359,7.4620361328125,0.8452647924423218,-0.0640531703829765
entry-0000045,Cc1cn(C2C=CC(CO)O2)c(=O)[nH]c1=O,XNKLLVCARDGLGL-UHFFFAOYSA-N,Cc1cn(C2C=CC(CO)O2)c(=O)[nH]c1=O,0.0,0.1641573605956818,0.0102896554275116,0.047047716,0.04782183,0.08004574,0.40093637,0.048583683,0.0020425382535904,0.3165081441402435,0.193980187177658,0.1572390572390572,0.4031360393647606,0.0800563990565844,0.5195920534510242,0.1739316670677539,0.1791912466287613,2.2549726054421623e-05,8.541816711425781,3.778513431549072,-1.1395671367645264,0.93458092212677
entry-0000046,CN(C)CC[C@@H](c1ccc(Cl)cc1)c1ccccn1,SOYKEARSMXGVTM-UHFFFAOYSA-N,CN(C)CCC(c1ccc(Cl)cc1)c1ccccn1,1.0,0.7937968600276077,0.9809334304804138,0.9952434,0.8443728,0.55136466,0.53036976,0.93981093,0.9998815059661864,0.8444544672966003,0.7706174850463867,0.9797076596439652,0.7820486675917556,0.6985143221168065,0.6532571444647146,0.8373815526115136,0.8866887092590332,0.9996896982192992,6.44167423248291,4.762041568756104,1.1131455898284912,0.2085004150867462
entry-0000047,CN(C)CC[C@H](c1ccc(Br)cc1)c1ccccn1,ZDIGNSYAACHWNL-UHFFFAOYSA-N,CN(C)CCC(c1ccc(Br)cc1)c1ccccn1,1.0,0.8217539211337526,0.9877369658516608,0.98997116,0.8633216,0.87349576,0.53637177,0.9426744,0.9946693181991576,0.8237383961677551,0.8669008612632751,0.9797076596439652,0.7378058427479909,0.8801469751780312,0.6532571444647146,0.7922934888628246,0.8471505045890808,0.9998173713684082,6.028976440429688,5.041637420654297,1.1000988483428955,0.2137001305818557
entry-0000048,C[NH+](C)CCO[C@](C)(c1ccccc1)c1ccccn1,HCFDWZZGGLSKEP-UHFFFAOYSA-N,CN(C)CCOC(C)(c1ccccc1)c1ccccn1,0.0,0.7738008445914443,0.9979991405594376,0.7515431,0.5495636,0.994806,0.94031924,0.862304,0.9999985098838806,0.8543198108673096,0.8418192863464355,0.6549213348576406,0.6476842101381762,0.8450170887756873,0.4814787842193961,0.881529970194123,0.881675124168396,0.9010411500930786,6.1906352043151855,0.5213019251823425,1.2015643119812012,0.1061702370643615
entry-0000049,C[NH+](C)CC[C@H](c1ccc(Cl)cc1)c1ccccn1,SOYKEARSMXGVTM-UHFFFAOYSA-N,CN(C)CCC(c1ccc(Cl)cc1)c1ccccn1,1.0,0.7955612542057545,0.9809334304804138,0.9952434,0.8443728,0.55136466,0.53036976,0.93981093,0.9998815059661864,0.8695708513259888,0.7706174850463867,0.9797076596439652,0.7820486675917556,0.6985143221168065,0.6532571444647146,0.8373815526115136,0.8866887092590332,0.9996896982192992,6.176975727081299,4.929866313934326,1.1131455898284912,0.2085004150867462
entry-0000050,CC(C)N(CC[C@@](C(N)=O)(c1ccccc1)c1ccccn1)C(C)C,UVTNFZQICZKOEM-UHFFFAOYSA-N,CC(C)N(CCC(C(N)=O)(c1ccccc1)c1ccccn1)C(C)C,1.0,0.7320943388656477,0.9632392670274366,0.9018938,0.85301596,0.6636006,0.8558069,0.83886904,0.9541878700256348,0.5606963634490967,0.8833014369010925,0.3461606510969568,0.8108404952966787,0.8327996183699314,0.6116094443069076,0.6637962310217711,0.7740700840950012,0.6598621010780334,6.156838417053223,1.475310206413269,0.5158263444900513,-0.0322009623050689
entry-0000051,CC(C)[NH+](CC[C@](C(N)=O)(c1ccccc1)c1ccccn1)C(C)C,UVTNFZQICZKOEM-UHFFFAOYSA-N,CC(C)N(CCC(C(N)=O)(c1ccccc1)c1ccccn1)C(C)C,0.0,0.7337754045551291,0.9632392670274366,0.9018938,0.85301596,0.6636006,0.8558069,0.83886904,0.9541878700256348,0.5846265554428101,0.8833014369010925,0.3461606510969568,0.8108404952966787,0.8327996183699314,0.6116094443069076,0.6637962310217711,0.7740700840950012,0.6598621010780334,5.703629970550537,1.6799954175949097,0.5158263444900513,-0.0322009623050689
entry-0000052,CCCCCCC[N+](CC)(CC)CCCCc1ccc(Cl)cc1.CCCCCCC[N+](CC)(CC)CCCCc1ccc(Cl)cc1.CCCCCCC[N+](CC)(CC)CCCCc1ccc(Cl)cc1.O=P([O-])([O-])[O-],WPSYTTKBGAZSCX-UHFFFAOYSA-N,CCCCCCC[N+](CC)(CC)CCCCc1ccc(Cl)cc1,1.0,0.8999505829430338,0.961479907333978,0.99392575,0.98532176,0.9923427,0.9683829,0.93979263,0.9998714923858644,0.9379894733428956,0.816758394241333,1.0,0.9089629433076256,0.939172770625026,0.7654866449836888,0.8988669876314294,0.7983267307281494,0.9993584156036376,5.164473056793213,0.5638606548309326,-0.5838760733604431,-1.5820765495300293
entry-0000053,CC(=O)N1CCN(c2ccc(OC[C@@H]3CO[C@](Cn4ccnc4)(c4ccc(Cl)cc4Cl)O3)cc2)CC1,XMAYWYJOQHXEEK-UHFFFAOYSA-N,CC(=O)N1CCN(c2ccc(OCC3COC(Cn4ccnc4)(c4ccc(Cl)cc4Cl)O3)cc2)CC1,1.0,0.852072111143741,0.99854820994678,0.56851816,0.9786277,0.9461476,0.7504371,0.9891822,0.9999985098838806,0.7053018808364868,0.8386947512626648,0.9949494949494948,0.8342270425733623,0.8388824108242391,0.8263872955823256,0.9015949764745168,0.926001787185669,0.9929312467575072,7.823964595794678,6.737795829772949,0.145928680896759,0.4240477383136749
entry-0000054,N[C@@H](CC(=O)N1CCn2c(nnc2C(F)(F)F)C1)Cc1cc(F)c(F)cc1F,MFFMDFFZMYYVKS-UHFFFAOYSA-N,NC(CC(=O)N1CCn2c(nnc2C(F)(F)F)C1)Cc1cc(F)c(F)cc1F,0.0,0.5745333640381608,0.2110913920489509,0.36392465,0.6186732,0.5364685,0.46806598,0.69456166,0.9999995827674866,0.3527860641479492,0.7538307905197144,0.8333333333333334,0.6732726708860183,0.529262808389022,0.6820516136768623,0.6232195847560896,0.852570652961731,0.9994590282440186,6.820884704589844,3.3233602046966557,-0.6819019317626953,1.1887552738189695
entry-0000055,CC(C)(C)N1CCC(c2ccccc2)(c2ccccc2)CC1,QIHLUZAFSSMXHQ-UHFFFAOYSA-N,CC(C)(C)N1CCC(c2ccccc2)(c2ccccc2)CC1,1.0,0.8020515183153742,0.8835767632834842,0.5982332,0.9922764,0.86768174,0.665348,0.94476277,0.996505320072174,0.967854917049408,0.8577457666397095,0.6474358974358975,0.8793629770111012,0.702615471132441,0.7062315734460723,0.8130363115128559,0.9159998893737792,0.9606131911277772,5.677595615386963,2.0942835807800293,1.3840388059616089,-1.168605089187622
entry-0000056,Cc1cccc(NC(=O)N[C@@H]2N=C(c3ccccc3)c3ccccc3N(C)C2=O)c1,KDFQABSFVYLGPM-UHFFFAOYSA-N,Cc1cccc(NC(=O)NC2N=C(c3ccccc3)c3ccccc3N(C)C2=O)c1,1.0,0.6840840775282738,0.9441462374051726,0.14302374,0.38291302,0.91668266,0.92255443,0.19873242,0.9998297691345216,0.7256406545639038,0.8398582339286804,1.0,0.7363605957535869,0.8095312201015331,0.8084557843244737,0.5748823577774448,0.8529366850852966,0.0153086697682738,7.971224784851074,1.801446557044983,1.581861972808838,0.2824690341949463
entry-0000057,COC(=O)c1[nH]c2cc(F)ccc2c1[C@@H]1C[NH2+]CC[C@H]1F,CJPSOUOLAPMNQT-UHFFFAOYSA-N,COC(=O)c1[nH]c2cc(F)ccc2c1C1CNCCC1F,1.0,0.7289690249862705,0.857581117163295,0.99422127,0.99325514,0.89562565,0.60392445,0.921469,0.9927669763565063,0.8258594870567322,0.4503137171268463,0.9989384288747346,0.7860091377747681,0.6545869412319518,0.3782262935318288,0.622442279109171,0.783555805683136,0.9984936118125916,9.342350959777832,4.268044471740723,-0.3039954900741577,0.4720690250396728
entry-0000058,CC([NH3+])C12CC3CC(CC(C3)C1)C2,UBCHPRBFMUDMNC-UHFFFAOYSA-N,CC(N)C12CC3CC(CC(C3)C1)C2,0.0,0.292877931449973,0.0275672976613234,0.14709754,0.15360548,0.026967466,0.2067361,0.72407407,0.1163568869233131,0.5212162733078003,0.3365800678730011,0.6765069725596041,0.1799644845447625,0.2901122606207352,0.5510123952262383,0.3262896125087398,0.1461847424507141,0.8993356823921204,8.421381950378418,3.5541508197784424,-2.2280595302581787,-2.7241389751434326
entry-0000059,Nc1nc(N)nc(CCCCc2nc(N)nc(N)n2)n1,VVYBFJSLGGZKFD-UHFFFAOYSA-N,Nc1nc(N)nc(CCCCc2nc(N)nc(N)n2)n1,0.0,0.2047854608491294,0.2143880621192776,0.027827261,0.013627862,0.48634052,0.16257353,0.15513285,0.061415646225214,0.3456884324550628,0.3670214414596557,0.3298581048581049,0.1718131519696219,0.1864494780273032,0.205278372124014,0.2421566411069,0.2646741867065429,0.99999338388443,9.309120178222656,1.027356505393982,-1.4086474180221558,2.9666545391082764
entry-0000060,CN/C(NCCSCc1[nH]cnc1C)=[NH+]\C#N,AQIXAKUUQRKLND-UHFFFAOYSA-N,CN=C(NC#N)NCCSCc1[nH]cnc1C,0.0,0.2496097124855937,0.1081623139121451,0.3633003,0.019907594,0.5720776,0.07244938,0.3783469,8.265618816949427e-06,0.4397712051868438,0.1511540710926056,0.5356708850150854,0.4559265863934315,0.0708752822472962,0.1427015149621953,0.2222189659773055,0.5033472180366516,0.9998865723609924,6.175941467285156,7.657809734344482,-1.0308171510696411,1.880642652511597
entry-0000061,Nc1[nH]c(SCC(=O)O)nc(=O)c1N,ZAGRWEOGHJROGH-UHFFFAOYSA-N,Nc1[nH]c(SCC(=O)O)nc(=O)c1N,0.0,0.0901741378251435,0.0138023367030722,0.0023416213,0.0020972837,0.24775858,0.04276557,0.043601543,0.0001480966602684,0.0089759435504674,0.111833170056343,0.2738095238095238,0.3957867216750056,0.0448827033975745,0.3782262935318288,0.0817424175326859,0.0493878573179245,0.0013541766675189,9.364763259887695,0.6319555640220642,-1.5342968702316284,3.3812484741210938
entry-0000062,C=C[C@H]1CN2CC[C@H]1C[C@@H]2[C@@H](O)c1ccnc2ccc(OC)cc12,LOUPRKONTZGTKE-UHFFFAOYSA-N,C=CC1CN2CCC1CC2C(O)c1ccnc2ccc(OC)cc12,1.0,0.8311744213504847,0.968319186359084,0.6798479,0.9614735,0.88584375,0.8434958,0.8601093,0.9985376596450806,0.7690359354019165,0.8339007496833801,0.8798908098271155,0.9183696371718924,0.7627311811015807,0.8263872955823256,0.8324088316055794,0.727443516254425,0.9542382955551147,6.778398036956787,4.190819263458252,-0.275535523891449,-0.4194814264774322
entry-0000063,COc1cc2nc(N(C)CCCNC(=O)[C@H]3CCCO3)nc(C)c2cc1OC,TXBBUZOFVGAXEG-UHFFFAOYSA-N,COc1cc2nc(N(C)CCCNC(=O)C3CCCO3)nc(C)c2cc1OC,0.0,0.8484757089025078,0.8478729677299275,0.98075396,0.98692256,0.96716875,0.846555,0.99603134,0.9972437024116516,0.8273379802703857,0.6861557364463806,0.8333333333333334,0.8373709012215527,0.9371084344235566,0.7843228862197311,0.7758912079674306,0.7845728397369385,0.9998235702514648,8.997661590576172,0.7555814981460571,-0.8320991396903992,0.6508888602256775
entry-0000064,CC[C@@H](O)c1cn(-c2ccc(F)cc2)c2ccc(Cl)cc12,PZFVISYBXMCPDS-UHFFFAOYSA-N,CCC(O)c1cn(-c2ccc(F)cc2)c2ccc(Cl)cc12,1.0,0.7474316542918066,0.9766204247646436,0.9160088,0.54410017,0.96546197,0.52827245,0.7026367,0.7179411053657532,0.7155947685241699,0.4571752548217773,0.84417652411283,0.6248283283385392,0.8066615523863742,0.802254397477583,0.8254574526681465,0.6341269016265869,0.9578839540481568,6.765560150146484,3.8386523723602295,1.2252212762832642,0.3253544270992279
entry-0000065,CCc1cn(-c2ccc(F)cc2)c2ccc(Cl)cc12,,,,,,,,,,,,,,,,,,,,,,,,
entry-0000066,CCC(CC)c1cn(-c2ccc(F)cc2)c2ccc(Cl)cc12,,,,,,,,,,,,,,,,,,,,,,,,
entry-0000067,CCC(=O)c1cn(-c2ccc(F)cc2)c2ccc(Cl)cc12,,,,,,,,,,,,,,,,,,,,,,,,
entry-0000068,CC[C@H](O)c1cn(-c2ccc(F)cc2)c2ccc(Cl)cc12,PZFVISYBXMCPDS-UHFFFAOYSA-N,CCC(O)c1cn(-c2ccc(F)cc2)c2ccc(Cl)cc12,0.0,0.7477287326431865,0.9766204247646436,0.9160088,0.54410017,0.96546197,0.52827245,0.7026367,0.7179411053657532,0.7198237180709839,0.4571752548217773,0.84417652411283,0.6248283283385392,0.8066615523863742,0.802254397477583,0.8254574526681465,0.6341269016265869,0.9578839540481568,6.665381908416748,3.9244110584259033,1.2252212762832642,0.3253544270992279
entry-0000069,CCC(O)(CC)c1cn(-c2ccc(F)cc2)c2ccc(Cl)cc12,XOSACJAQDPAKSG-UHFFFAOYSA-N,CCC(O)(CC)c1cn(-c2ccc(F)cc2)c2ccc(Cl)cc12,1.0,0.7657383722640604,0.9649322585133164,0.6403586,0.7834647,0.8847723,0.37624964,0.72801185,0.9557724595069884,0.7947043180465698,0.7778869867324829,0.8231120731120732,0.6195107048143939,0.93209191870766,0.802254397477583,0.8411976747828396,0.7038339376449585,0.8995382189750671,6.6503987312316895,3.989328145980835,0.9959148168563844,0.2062921226024627
entry-0000070,CCC(CC)c1cn(-c2ccc(F)cc2)c2ccc(Cl)cc12,,,,,,,,,,,,,,,,,,,,,,,,
entry-0000071,CCc1cn(-c2ccc(F)cc2)c2ccc(Cl)cc12,,,,,,,,,,,,,,,,,,,,,,,,
entry-0000072,C[C@H](O)c1cn(-c2ccc(F)cc2)c2ccc(Cl)cc12,CJSJNSBZZGUXSR-UHFFFAOYSA-N,CC(O)c1cn(-c2ccc(F)cc2)c2ccc(Cl)cc12,0.0,0.6620071078223595,0.9545504218876752,0.9222248,0.41789448,0.9644561,0.3250668,0.60286635,0.3808958530426025,0.6257210373878479,0.3613902330398559,0.92415210408841,0.6734369197778857,0.5032238982549542,0.749893668980491,0.6564032918079206,0.5610238909721375,0.887235164642334,6.837594509124756,3.8081021308898926,1.4069089889526367,0.549336850643158
entry-0000073,C[NH+](C)Cc1cn(-c2ccc(F)cc2)c2ccc(Cl)cc12,SPLFGEFBTYQRPO-UHFFFAOYSA-N,CN(C)Cc1cn(-c2ccc(F)cc2)c2ccc(Cl)cc12,1.0,0.7901916314627853,0.9989099455807694,0.987175,0.57653195,0.78297424,0.20460035,0.9718313,0.9956011772155762,0.7665837407112122,0.7728774547576904,0.9989384288747346,0.6452202866121912,0.7161253379005798,0.802254397477583,0.8617736779114165,0.8191043138504028,0.999205470085144,6.807854652404785,3.962961673736572,1.3641048669815063,0.9499420523643494
entry-0000074,CN(C)Cc1cc2cc(Cl)ccc2n1-c1ccc(F)cc1,SPGSEYZCAVGGHG-UHFFFAOYSA-N,CN(C)Cc1cc2cc(Cl)ccc2n1-c1ccc(F)cc1,1.0,0.8127281262662227,0.990932446478632,0.83546585,0.47743046,0.9661605,0.86087245,0.9619735,0.9276341199874878,0.7448060512542725,0.7728774547576904,0.8322717622080679,0.6535107899862724,0.7399348617101037,0.802254397477583,0.8510852482567315,0.8452033996582031,0.9997361302375792,7.150059700012207,3.767629623413086,1.4193540811538696,0.9256385564804076
entry-0000075,CCCc1cn(-c2ccc(F)cc2)c2ccc(Cl)cc12,GMMHLRXVGDOCDA-UHFFFAOYSA-N,CCCc1cn(-c2ccc(F)cc2)c2ccc(Cl)cc12,0.0,0.7692330912120434,0.943768146310116,0.882765,0.6186667,0.9524443,0.62474424,0.9262478,0.8764773607254028,0.8009021282196045,0.3714351058006286,0.9989384288747346,0.6913868894924962,0.573268195043437,0.802254397477583,0.8612993768444348,0.5945451855659485,0.998867690563202,6.865780830383301,3.982259511947632,1.3476009368896484,0.3812063932418823
entry-0000076,CN(C)Cc1cc2cc(Cl)ccc2n1-c1ccc(F)cc1,SPGSEYZCAVGGHG-UHFFFAOYSA-N,CN(C)Cc1cc2cc(Cl)ccc2n1-c1ccc(F)cc1,1.0,0.8127281262662227,0.990932446478632,0.83546585,0.47743046,0.9661605,0.86087245,0.9619735,0.9276341199874878,0.7448060512542725,0.7728774547576904,0.8322717622080679,0.6535107899862724,0.7399348617101037,0.802254397477583,0.8510852482567315,0.8452033996582031,0.9997361302375792,7.150059700012207,3.767629623413086,1.4193540811538696,0.9256385564804076
entry-0000077,C[C@@H](O)c1cn(-c2ccc(F)cc2)c2ccc(Cl)cc12,CJSJNSBZZGUXSR-UHFFFAOYSA-N,CC(O)c1cn(-c2ccc(F)cc2)c2ccc(Cl)cc12,1.0,0.6628923259407566,0.9545504218876752,0.9222248,0.41789448,0.9644561,0.3250668,0.60286635,0.3808958530426025,0.6383222341537476,0.3613902330398559,0.92415210408841,0.6734369197778857,0.5032238982549542,0.749893668980491,0.6564032918079206,0.5610238909721375,0.887235164642334,6.624630451202393,3.795117139816284,1.4069089889526367,0.549336850643158
entry-0000078,CCC(=O)c1cn(-c2ccc(F)cc2)c2ccc(Cl)cc12,,,,,,,,,,,,,,,,,,,,,,,,
entry-0000079,Fc1ccc(-n2cc(C3CC[NH2+]CC3)c3cc(Cl)ccc32)cc1,YCXCLZSLZGBCTA-UHFFFAOYSA-N,Fc1ccc(-n2cc(C3CCNCC3)c3cc(Cl)ccc32)cc1,0.0,0.9232106131956463,0.990380370508572,0.9705983,0.9503188,0.9967286,0.9911452,0.9941079,0.9894059896469116,0.9378693103790284,0.8806772828102112,0.9989384288747346,0.9027450513136328,0.9386551722813408,0.802254397477583,0.9457780085418532,0.919167697429657,0.9969729781150818,6.857610702514648,3.88945198059082,0.8901039958000183,0.0686289519071579
entry-0000080,CC(C)(C)Oc1cc([C@H](C2=CN[C@H](C(C)(C)O)S2)c2cc[n+]([O-])cc2)ccc1OC(F)F,UEIDYAWIUQPJEB-UHFFFAOYSA-N,CC(C)(C)Oc1cc(C(C2=CNC(C(C)(C)O)S2)c2cc[n+]([O-])cc2)ccc1OC(F)F,0.0,0.6403859360095413,0.9801877804452992,0.39317563,0.5303219,0.48200688,0.66011256,0.86290187,0.6025029420852661,0.6393911242485046,0.7461671829223633,0.8282828282828283,0.707116778122108,0.7405638779199053,0.5573613506010563,0.6955743451161683,0.7156444191932678,0.3534740209579468,4.152138710021973,-0.995003879070282,-0.0296517610549926,0.095638670027256
entry-0000081,CC(C)(C)Oc1cc([C@H](C2=CN[C@H](C(O)(C(F)(F)F)C(F)(F)F)S2)c2cc[n+]([O-])cc2)ccc1OC(F)F,UWSWEIHMWZRUQD-UHFFFAOYSA-N,CC(C)(C)Oc1cc(C(C2=CNC(C(O)(C(F)(F)F)C(F)(F)F)S2)c2cc[n+]([O-])cc2)ccc1OC(F)F,0.0,0.7715450186735365,0.9978774519388716,0.57386416,0.6316366,0.96627814,0.8335309,0.9921128,0.999995231628418,0.6369115710258484,0.7284926176071167,0.6505050505050506,0.6629493743184813,0.936368748724776,0.7100645400368341,0.7829012568349695,0.7369861006736755,0.9973739385604858,4.1309967041015625,-0.907707929611206,-0.2362331449985504,0.306573748588562
entry-0000082,CC(C)Oc1cc([C@H](C2=CN[C@@H](C(O)(C(F)(F)F)C(F)(F)F)S2)c2cc[n+]([O-])cc2)ccc1OC(F)F,YNDYPWGPPXBCBU-UHFFFAOYSA-N,CC(C)Oc1cc(C(C2=CNC(C(O)(C(F)(F)F)C(F)(F)F)S2)c2cc[n+]([O-])cc2)ccc1OC(F)F,1.0,0.802168961961788,0.9542327126542848,0.6119329,0.6330258,0.9888045,0.9670076,0.9913556,0.9999910593032836,0.7136474251747131,0.8254780769348145,0.7313131313131312,0.6629493743184813,0.9425799288489995,0.7269677714855199,0.8578403673765468,0.7363094091415405,0.9993857145309448,4.142069339752197,-0.8896132707595825,-0.2151506841182708,0.2736405432224273
entry-0000083,CCN(CC)Cc1ccc2c(c1)CC[C@H](N1CCN(Cc3ccsc3)CC1=O)C2,UKCPSTPFRCLCPN-UHFFFAOYSA-N,CCN(CC)Cc1ccc2c(c1)CCC(N1CCN(Cc3ccsc3)CC1=O)C2,1.0,0.909946419485732,0.9983107910060054,0.9994399,0.98740786,0.9980145,0.8383874,0.92279816,0.9999911189079284,0.9348345398902892,0.8252854943275452,0.9774330525306486,0.8872594529476591,0.9421489611012164,0.7987640620227395,0.912042173318478,0.9641101360321044,0.9863348603248596,8.697508811950684,6.4888916015625,-0.3464647829532623,-0.183024600148201
entry-0000084,C=C[C@H]1C[NH+]2CC[C@H]1C[C@@H]2[C@@H](O)c1ccnc2ccc(OC)cc12,LOUPRKONTZGTKE-UHFFFAOYSA-N,C=CC1CN2CCC1CC2C(O)c1ccnc2ccc(OC)cc12,1.0,0.8311130209707153,0.968319186359084,0.6798479,0.9614735,0.88584375,0.8434958,0.8601093,0.9985376596450806,0.7681618928909302,0.8339007496833801,0.8798908098271155,0.9183696371718924,0.7627311811015807,0.8263872955823256,0.8324088316055794,0.727443516254425,0.9542382955551147,6.644814968109131,4.198844909667969,-0.275535523891449,-0.4194814264774322
entry-0000085,Fc1ccc2c([C@@H]3C[NH2+]CC[C@@H]3F)c(-c3cccc4ccccc34)[nH]c2c1,XWGNKABGVNJFEL-UHFFFAOYSA-N,Fc1ccc2c(C3CNCCC3F)c(-c3cccc4ccccc34)[nH]c2c1,1.0,0.9261991782450916,0.9973057002401848,0.99720436,0.9945317,0.99986154,0.966536,0.99716145,0.99998539686203,0.8587032556533813,0.8659185767173767,1.0,0.955542295793986,0.9219003985421402,0.8084557843244737,0.9570490806303258,0.9369227886199952,0.9999778270721436,9.540641784667969,4.251803398132324,1.2321364879608154,0.1491968631744384
entry-0000086,Oc1ccc(CC[NH+]2CCC(Nc3nc4ccccc4n3Cc3ccc(F)cc3)CC2)cc1,LAGYWHSFHIMTPE-UHFFFAOYSA-N,Oc1ccc(CCN2CCC(Nc3nc4ccccc4n3Cc3ccc(F)cc3)CC2)cc1,1.0,0.9216137932507316,0.998227252423558,0.9972159,0.997747,0.99944276,0.9919116,0.9981446,0.9808099865913392,0.9598791599273682,0.7819181680679321,0.943382873319179,0.92538103701026,0.9166987810291876,0.8084557843244737,0.9094101753103307,0.9418635964393616,0.9994502067565918,7.309141159057617,3.507245779037476,0.9447640776634216,-0.0919379293918609
entry-0000087,COc1ccc(CC[NH+]2CCC(Nc3nc4ccccc4n3Cc3ccc(F)cc3)CC2)cc1,GXDALQBWZGODGZ-UHFFFAOYSA-N,COc1ccc(CCN2CCC(Nc3nc4ccccc4n3Cc3ccc(F)cc3)CC2)cc1,1.0,0.9261838416749876,0.998492541892045,0.9967746,0.99808884,0.99981594,0.9964638,0.99963784,0.861292839050293,0.961714506149292,0.8083005547523499,0.943382873319179,0.9245693486985715,0.9421489611012164,0.8084557843244737,0.9611174946756652,0.9641962647438048,0.9999569654464722,7.3823018074035645,3.998464584350586,0.9337437748908995,-0.110354907810688
entry-0000088,C[NH+]1CCC[C@@H]1CCO[C@](C)(c1ccccc1)c1ccc(Cl)cc1,YNNUSGIPVFPVBX-UHFFFAOYSA-N,CN1CCCC1CCOC(C)(c1ccccc1)c1ccc(Cl)cc1,1.0,0.8885581878467971,0.9767893449103654,0.9992941,0.89323425,0.99527484,0.6140872,0.97221106,0.9999474883079528,0.89769047498703,0.8914676308631897,0.8333333333333334,0.8277344493114909,0.9362652100977948,0.802254397477583,0.9734137072554196,0.9543253779411316,0.9980931282043456,5.729574680328369,1.3494144678115845,0.970565676689148,-0.93426251411438
entry-0000089,O=C(Cc1ccc(C(F)(F)F)cc1C(F)(F)F)N[C@@H]1N=C(c2ccccc2)c2ccccc2N(CC(F)(F)F)C1=O,VVCYJFVTVHMTBV-UHFFFAOYSA-N,O=C(Cc1ccc(C(F)(F)F)cc1C(F)(F)F)NC1N=C(c2ccccc2)c2ccccc2N(CC(F)(F)F)C1=O,1.0,0.7332083977995217,0.9815237754920648,0.5239179,0.30170444,0.52524656,0.669739,0.6928888,0.9999939799308776,0.9314532279968262,0.8487429618835449,0.958041958041958,0.7564270083174257,0.5296953564034309,0.7754113335335702,0.6733525876231801,0.9081298112869264,0.99990314245224,4.323246002197266,-0.3927497863769531,0.7094680666923523,0.3267187178134918
entry-0000090,C[NH+]1CCc2cc3c(cc2C(=O)Cc2ccc4c(c2C1)OCO4)OCO3,GPTFURBXHJWNHR-UHFFFAOYSA-N,CN1CCc2cc3c(cc2C(=O)Cc2ccc4c(c2C1)OCO4)OCO3,0.0,0.5398661527827991,0.630107632414104,0.3018864,0.9430847,0.12522338,0.039018188,0.24120598,0.2992978096008301,0.8244004249572754,0.5403159260749817,0.8086080586080587,0.7696664304128674,0.8030696337180893,0.7360433230118157,0.6511723911925,0.7244027256965637,0.0200357399880886,9.058314323425291,-1.0736451148986816,0.1462040543556213,0.1786040365695953
entry-0000091,CSc1ccc2c(c1)N(CC[C@H]1CCCC[N@@H+]1C)c1ccccc1S2,KLBQZWRITKRQQV-UHFFFAOYSA-N,CSc1ccc2c(c1)N(CCC1CCCCN1C)c1ccccc1S2,1.0,0.8921030801289276,0.9973490623542556,0.99936134,0.9885666,0.97682685,0.57956004,0.89188474,0.998576521873474,0.9209137558937072,0.8715920448303223,0.8333333333333334,0.8924821566062728,0.939172770625026,0.8263872955823256,0.9166614709491934,0.9647649526596068,0.9999560117721558,10.853100776672363,3.836836814880371,0.403398722410202,-0.1813837587833404
entry-0000092,CSc1ccc2c(c1)N(CC[C@H]1CCCC[NH+]1C)c1ccccc1S2,KLBQZWRITKRQQV-UHFFFAOYSA-N,CSc1ccc2c(c1)N(CCC1CCCCN1C)c1ccccc1S2,1.0,0.8923157497067279,0.9973490623542556,0.99936134,0.9885666,0.97682685,0.57956004,0.89188474,0.998576521873474,0.923941135406494,0.8715920448303223,0.8333333333333334,0.8924821566062728,0.939172770625026,0.8263872955823256,0.9166614709491934,0.9647649526596068,0.9999560117721558,11.013944625854492,3.880734920501709,0.403398722410202,-0.1813837587833404
entry-0000093,C[NH+]1CCCC[C@@H]1CCN1c2ccccc2Sc2ccc(S(C)=O)cc21,SLVMESMUVMCQIY-UHFFFAOYSA-N,CN1CCCCC1CCN1c2ccccc2Sc2ccc([S+](C)[O-])cc21,1.0,0.8563448666498807,0.986526530404873,0.99942,0.983463,0.99631953,0.56261355,0.56590366,0.9962799549102784,0.8539502620697021,0.882675051689148,0.8322717622080679,0.8356382069051802,0.93393004526263,0.8084557843244737,0.8508166159171009,0.9595113396644592,0.999479591846466,11.109272956848145,4.074411392211914,0.3648653030395508,-0.1597527116537094
entry-0000094,CC(C)Oc1cc([C@@H](C2=CCC(=O)N=C2)C2=CN[C@@H](C(C)(C)O)C=C2)ccc1OC(F)F,YGPGAWMEVOKOBD-UHFFFAOYSA-N,CC(C)Oc1cc(C(C2=CNC(C(C)(C)O)C=C2)c2ccc(=O)[nH]c2)ccc1OC(F)F,0.0,0.3424431634766389,0.1103331091276566,0.031829033,0.044471767,0.42647997,0.25211743,0.19563963,0.0003223397070541,0.6590942144393921,0.4839991331100464,0.5,0.3985661902542665,0.4777583604560026,0.6505583447419657,0.4519763657294089,0.5902493000030518,0.0733866542577743,3.911428213119507,-1.1238902807235718,-0.077412337064743,0.087937980890274
entry-0000095,O=C1CCC(N2C(=O)c3ccccc3C2=O)C(=O)N1,UEJJHQNACJXSKW-UHFFFAOYSA-N,O=C1CCC(N2C(=O)c3ccccc3C2=O)C(=O)N1,0.0,0.3119874413279332,0.1076823865422584,0.009252922,0.53178453,0.014195386,0.18205607,0.14227572,0.0011818559141829,0.5272282958030701,0.3356286585330963,0.1683501683501683,0.8301764096550232,0.2422901550884551,0.802254397477583,0.1022389930705151,0.7127928733825684,9.880669495032636e-06,8.579107284545898,2.2318203449249268,-0.1618687808513641,0.2595473229885101
entry-0000096,Cc1cnc(C(=O)NCCc2ccc(S(=O)([O-])=NC(=O)NC3CCCCC3)cc2)cn1,XPQXLWGHBAMIDQ-UHFFFAOYSA-N,Cc1cnc(C(=O)NCCc2ccc(S(=O)(O)=NC(=O)NC3CCCCC3)cc2)cn1,0.0,0.3180752318765946,0.0114645694052691,0.062118556,0.01231745,0.15766568,0.44594535,0.0291005,0.0011046944418922,0.6019180417060852,0.3419079780578613,0.0196581196581196,0.6079009991442464,0.5499149659863946,0.8084557843244737,0.5406012319080686,0.4059728682041168,0.006990950088948,8.023314476013184,2.5764217376708984,-0.4751201272010803,0.2613100707530975
entry-0000097,COc1ccc(CC[NH+](C)CCC[C@@](C#N)(c2ccc(OC)c(OC)c2)C(C)C)cc1OC,SGTNSNPWRIOYBX-UHFFFAOYSA-N,COc1ccc(CCN(C)CCCC(C#N)(c2ccc(OC)c(OC)c2)C(C)C)cc1OC,1.0,0.9194800030388632,0.9983981690580626,0.9895403,0.99483865,0.97696036,0.9678375,0.9944341,0.9999748468399048,0.9093413949012756,0.7994173169136047,0.9989384288747346,0.8712272188158999,0.9047872446912578,0.8263872955823256,0.932590345144082,0.9480454921722412,0.9987286329269408,7.741345405578613,0.52578204870224,0.1047140210866928,-0.3432646095752716
entry-0000098,COc1ccc(CC[N@H+](C)CCC[C@@](C#N)(c2ccc(OC)c(OC)c2)C(C)C)cc1OC,SGTNSNPWRIOYBX-UHFFFAOYSA-N,COc1ccc(CCN(C)CCCC(C#N)(c2ccc(OC)c(OC)c2)C(C)C)cc1OC,1.0,0.9192195161985858,0.9983981690580626,0.9895403,0.99483865,0.97696036,0.9678375,0.9944341,0.9999748468399048,0.9056333303451538,0.7994173169136047,0.9989384288747346,0.8712272188158999,0.9047872446912578,0.8263872955823256,0.932590345144082,0.9480454921722412,0.9987286329269408,7.917249202728271,0.599119246006012,0.1047140210866928,-0.3432646095752716
entry-0000099,COc1ccc(CC[NH2+]CCCC(C#N)(c2ccc(OC)c(OC)c2)C(C)C)cc1OC,UPKQNCPKPOLASS-UHFFFAOYSA-N,COc1ccc(CCNCCCC(C#N)(c2ccc(OC)c(OC)c2)C(C)C)cc1OC,1.0,0.8904586643157125,0.998994682527034,0.9603893,0.9828722,0.97520334,0.9130184,0.99297684,0.9974239468574524,0.881157636642456,0.7808536887168884,0.8194512493875551,0.7530735818592016,0.9289359355066152,0.8263872955823256,0.889253601942651,0.911875307559967,0.9996780157089232,7.876896858215332,0.8483005166053772,0.1370394825935363,-0.4115997552871704
entry-0000100,COc1ccc(CC[NH2+]CCC[C@@](C#N)(c2ccc(OC)c(OC)c2)C(C)C)cc1OC,UPKQNCPKPOLASS-UHFFFAOYSA-N,COc1ccc(CCNCCCC(C#N)(c2ccc(OC)c(OC)c2)C(C)C)cc1OC,1.0,0.8904753208017139,0.998994682527034,0.9603893,0.9828722,0.97520334,0.9130184,0.99297684,0.9974239468574524,0.8813947439193726,0.7808536887168884,0.8194512493875551,0.7530735818592016,0.9289359355066152,0.8263872955823256,0.889253601942651,0.911875307559967,0.9996780157089232,8.041947364807129,0.6036315560340881,0.1370394825935363,-0.4115997552871704
entry-0000101,CCc1nc(N)nc(N)c1-c1ccc(Cl)cc1,WKSAUQYGYAYLPV-UHFFFAOYSA-N,CCc1nc(N)nc(N)c1-c1ccc(Cl)cc1,0.0,0.2783453509766652,0.0642236613667728,0.14562231,0.10918965,0.19316112,0.35904202,0.58696187,0.3482506275177002,0.4665823578834533,0.1857814639806747,0.3112073112073112,0.565881468737321,0.2094086617007725,0.3470241240998314,0.2342084483710796,0.5045369863510132,0.6283438801765442,9.500142097473145,0.7107015252113342,0.5337464809417725,1.9765164852142332
entry-0000102,O=C(O[C@@H]1CN2CCC1CC2)N1CCc2ccccc2[C@@H]1c1ccccc1,FBOUYBDGKBSUES-UHFFFAOYSA-N,O=C(OC1CN2CCC1CC2)N1CCc2ccccc2C1c1ccccc1,1.0,0.8471891035646558,0.9454066846717754,0.7867978,0.9203727,0.9143569,0.5667891,0.96174794,0.9999101161956788,0.915668487548828,0.7963752746582031,0.6332565284178188,0.8500652716428465,0.818941986003485,0.8263872955823256,0.9594730844964132,0.9590853452682496,0.9902151226997375,10.26285171508789,1.5937130451202393,0.508759617805481,-1.0004827976226809
entry-0000103,Fc1ccc2[nH]c(-c3ccccc3)c([C@@H]3C[NH2+]CC[C@@H]3F)c2c1,ITBKCDFUYADWSI-UHFFFAOYSA-N,Fc1ccc2[nH]c(-c3ccccc3)c(C3CNCCC3F)c2c1,1.0,0.9197829399968672,0.9984924688940814,0.9986493,0.9912657,0.99026865,0.96447295,0.9989445,0.9999977946281432,0.7818493247032166,0.870097279548645,0.9989384288747346,0.9558003710520612,0.9213828001984548,0.802254397477583,0.9674005174961507,0.9300761818885804,0.9999191761016846,9.493494033813477,3.738239288330078,1.0367602109909058,0.1085402518510818
entry-0000104,F[C@@H]1CC[NH2+]C[C@H]1c1c(-c2ccccc2)[nH]c2cc(Cl)ccc12,KVZUKTSYJONTHS-UHFFFAOYSA-N,FC1CCNCC1c1c(-c2ccccc2)[nH]c2cc(Cl)ccc12,1.0,0.8788610063176409,0.9980235436779612,0.9984322,0.98554826,0.996092,0.5364963,0.998672,0.9996629357337952,0.7766200304031372,0.8689314126968384,0.9772727272727272,0.95381152790084,0.7891460447058855,0.7592888569043871,0.9535843769097504,0.9267386794090272,0.9997596144676208,9.48554515838623,3.8793561458587646,1.0337481498718262,0.128385305404663
entry-0000105,Fc1ccc2c([C@@H]3C[NH2+]CC[C@@H]3F)c(-c3ccccc3)[nH]c2c1,NNJNAROWGAKUJQ-UHFFFAOYSA-N,Fc1ccc2c(C3CNCCC3F)c(-c3ccccc3)[nH]c2c1,1.0,0.9206159947644996,0.998029690309744,0.99749154,0.9952612,0.9970393,0.9193413,0.99898726,0.9999958872795104,0.8222872018814087,0.870097279548645,1.0,0.95471811996981,0.9213828001984548,0.802254397477583,0.9674005174961507,0.9303322434425354,0.9999215006828308,9.554573059082031,3.976429462432861,1.0368995666503906,0.1075693443417549
entry-0000106,Fc1ccc(-c2[nH]c3cc(F)ccc3c2[C@@H]2C[NH2+]CC[C@@H]2F)cc1,HXEXYULSUCMWPN-UHFFFAOYSA-N,Fc1ccc(-c2[nH]c3cc(F)ccc3c2C2CNCCC2F)cc1,1.0,0.9026165796111212,0.9976158901921648,0.9979313,0.99272394,0.99804926,0.8644104,0.9793019,0.9998357892036438,0.8379060626029968,0.8685113191604614,0.978494623655914,0.9190038342555245,0.9213828001984548,0.7534682042936148,0.916435634964448,0.9297733306884766,0.9999757409095764,9.39466381072998,3.69360876083374,0.8134569525718689,0.3393239676952362
entry-0000107,F[C@@H]1CC[NH2+]C[C@@H]1c1c(-c2ccccc2)[nH]c2ccccc12,QAMSRCBRYCCTDQ-UHFFFAOYSA-N,FC1CCNCC1c1c(-c2ccccc2)[nH]c2ccccc12,1.0,0.885473525277176,0.9952862237079984,0.99848,0.99017406,0.9946392,0.5870084,0.99811554,0.9999997615814208,0.8149892091751099,0.8690704107284546,1.0,0.9546481742476904,0.7891460447058855,0.7592888569043871,0.9561265473604784,0.9252893328666688,0.9998762011528016,9.711063385009766,4.054875373840332,1.2445064783096311,-0.1002014204859733
entry-0000108,C[NH+]1CCC[C@H](c2c(-c3ccccc3)[nH]c3ccccc23)C1,JRFXDRYERZNJFJ-UHFFFAOYSA-N,CN1CCCC(c2c(-c3ccccc3)[nH]c3ccccc23)C1,1.0,0.9142037683296862,0.975111644488146,0.99812406,0.990936,0.99301046,0.8064387,0.91668564,0.999971568584442,0.9602715969085692,0.8669807314872742,0.9989384288747346,0.9416221254787204,0.8965706461632011,0.8263872955823256,0.9312572027079838,0.9245370030403136,0.9750567078590392,9.81722354888916,4.099298477172852,1.202831149101257,-0.2153830677270889
entry-0000109,Fc1cccc2c([C@@H]3C[NH2+]CC[C@@H]3F)c(-c3ccccc3)[nH]c12,KFEAQGNOINWFSL-UHFFFAOYSA-N,Fc1cccc2c(C3CNCCC3F)c(-c3ccccc3)[nH]c12,1.0,0.9127022261144554,0.9962196519514882,0.9993226,0.9874937,0.9865996,0.6640387,0.9989143,0.9999911189079284,0.8838745951652527,0.870097279548645,0.9989384288747346,0.9581863151000476,0.9279762067918614,0.8193443571262896,0.967868582642936,0.9267666339874268,0.9999624490737916,9.576153755187988,3.8587496280670166,1.0130624771118164,0.1308029294013977
entry-0000110,F[C@H]1CC[NH2+]C[C@H]1c1c(-c2ccccc2)[nH]c2c(Cl)cccc12,BTWSXWRYWXPDBK-UHFFFAOYSA-N,FC1CCNCC1c1c(-c2ccccc2)[nH]c2c(Cl)cccc12,1.0,0.8760188625468173,0.9918683210369512,0.9990936,0.93435425,0.99597293,0.41139707,0.998426,0.9997175335884094,0.8797730803489685,0.8689314126968384,0.9989384288747346,0.9457294139363732,0.7891460447058855,0.7592888569043871,0.9531599286924328,0.9146103262901306,0.9998778104782104,9.570097923278809,3.953317165374756,1.0069024562835691,0.1521434932947158
entry-0000111,c1ccc(-c2[nH]c3ccccc3c2[C@H]2CCC[NH2+]C2)cc1,FYHCOUIJWCQUMZ-UHFFFAOYSA-N,c1ccc(-c2[nH]c3ccccc3c2C2CCCNC2)cc1,1.0,0.9136586220093428,0.9964104864761684,0.99849206,0.98557633,0.98513913,0.9680664,0.9946864,0.9999995827674866,0.9484692811965942,0.8688797354698181,0.9989384288747346,0.883188952400279,0.9100837437099122,0.7365649728449288,0.9652939633507645,0.9096502065658568,0.9975172877311708,9.80519676208496,4.1231303215026855,1.2977628707885742,-0.2637004852294922
entry-0000112,F[C@H]1CC[NH2+]C[C@H]1c1c(-c2ccccc2)[nH]c2ccc(Cl)cc12,PAVYFSUMGRBRPZ-UHFFFAOYSA-N,FC1CCNCC1c1c(-c2ccccc2)[nH]c2ccc(Cl)cc12,1.0,0.8735216766154167,0.995661069920076,0.99886465,0.91144323,0.99790937,0.46422854,0.9986682,0.9998613595962524,0.7724351286888123,0.8689314126968384,0.9989384288747346,0.9433193070364702,0.7891460447058855,0.7763788165530934,0.9531599286924328,0.9173468351364136,0.9997519254684448,9.577181816101074,4.101308345794678,1.0341840982437134,0.1294809728860855
entry-0000113,Fc1ccc(-c2[nH]c3cc(F)ccc3c2[C@H]2CCC[NH2+]C2)cc1,VMCOPKACEUYYIT-UHFFFAOYSA-N,Fc1ccc(-c2[nH]c3cc(F)ccc3c2C2CCCNC2)cc1,1.0,0.8935494536719775,0.9946782454032308,0.99913883,0.98232466,0.99865884,0.7866661,0.9759202,0.9999188780784608,0.8530712723731995,0.8667895197868347,0.9774330525306486,0.8723165931356214,0.9320617656879344,0.7258449707340288,0.940006709534824,0.9296876192092896,0.9996300339698792,9.466216087341309,4.164315700531006,0.8424930572509766,0.2091586142778396
entry-0000114,CN(CCO)C(=O)N1CC(c2cc(F)ccc2F)=C[C@H]1c1cccc(O)c1,CHZRIUCQCGDOGQ-UHFFFAOYSA-N,CN(CCO)C(=O)N1CC(c2cc(F)ccc2F)=CC1c1cccc(O)c1,1.0,0.7777063919327004,0.8157133670160661,0.8508126,0.9830713,0.90127546,0.88700396,0.7704508,0.9978216886520386,0.5588259696960449,0.7440050840377808,0.6260114586727491,0.8527449148435187,0.7851301553277975,0.7243719143103454,0.7592992464651249,0.9094616174697876,0.774572491645813,6.768118858337402,3.428672790527344,0.4911810457706451,0.2989949285984039
entry-0000115,CC(C)(C)[C@H](O)C(=O)N1CC(c2cc(F)ccc2F)=C[C@H]1c1cccc(O)c1,XKFYPIKUIRIHMW-UHFFFAOYSA-N,CC(C)(C)C(O)C(=O)N1CC(c2cc(F)ccc2F)=CC1c1cccc(O)c1,1.0,0.702112870353793,0.8792196230002738,0.9804786,0.99768305,0.5652355,0.78525186,0.94970703,0.971207559108734,0.2077885270118713,0.7661885023117065,0.6503965089491406,0.9604595612504984,0.8009604181188033,0.4588220550128495,0.5380452809307172,0.8802170157432556,0.8160204291343689,6.769965171813965,3.022610664367676,0.4173951148986816,-0.0248253531754016
entry-0000116,CC(C)(C)C(=O)N1CC(c2cc(F)ccc2F)=C[C@H]1c1cccc(O)c1,YQNDWHKGOQHVNT-UHFFFAOYSA-N,CC(C)(C)C(=O)N1CC(c2cc(F)ccc2F)=CC1c1cccc(O)c1,1.0,0.7386405334286813,0.9862311520901486,0.9858373,0.98832893,0.36213252,0.8331172,0.9574699,0.93649023771286,0.4543361663818359,0.7762221693992615,0.923029255690546,0.9014320326432864,0.5713142610771206,0.5709934927719837,0.6375304243449369,0.8716909289360046,0.7875902056694031,6.782818794250488,3.250833749771118,0.6118664741516113,0.1643815785646438
entry-0000117,CC(C)[C@@H](N)C(=O)N1CC(c2cc(F)ccc2F)=C[C@@H]1c1ccccc1,GNFWJCGIZJCASB-UHFFFAOYSA-N,CC(C)C(N)C(=O)N1CC(c2cc(F)ccc2F)=CC1c1ccccc1,1.0,0.8461538740984049,0.906700980755176,0.9877748,0.9952071,0.9385958,0.9932687,0.9867492,0.999581515789032,0.4930208623409271,0.8876245021820068,0.956439393939394,0.9594985358146828,0.9219003985421402,0.611347850470662,0.8222381014805892,0.9358921051025392,0.9881354570388794,6.799438953399658,3.276308536529541,0.7366897463798523,-0.017841350287199
entry-0000118,CC(C)(C)[C@@H](N)C(=O)N1CC(c2cc(F)ccc2F)=C[C@H]1c1ccccc1,SGSKDJMEPQTYQW-UHFFFAOYSA-N,CC(C)(C)C(N)C(=O)N1CC(c2cc(F)ccc2F)=CC1c1ccccc1,1.0,0.8104751869469595,0.9893880224628429,0.94626784,0.9947436,0.5383617,0.96595484,0.98680335,0.9997406601905824,0.5413190126419067,0.8869968056678772,0.956439393939394,0.9594985358146828,0.8947614660460648,0.5746490653847801,0.7264794694787539,0.933541178703308,0.9332793354988098,6.469315528869629,3.270689010620117,0.6692597270011902,0.0565172247588634
entry-0000119,CC(C)(C)[C@@H](NC(=O)OCCO)C(=O)N1CC(c2cc(F)ccc2F)=C[C@@H]1c1ccccc1,RWUSOKGVCNRFRC-UHFFFAOYSA-N,CC(C)(C)C(NC(=O)OCCO)C(=O)N1CC(c2cc(F)ccc2F)=CC1c1ccccc1,1.0,0.7228621417915303,0.6470569472336952,0.9247925,0.9238071,0.7034933,0.7121592,0.96888304,0.9989217519760132,0.2929029464721679,0.5954433083534241,0.8125,0.854207179407255,0.9318551406801924,0.5685617038462077,0.7177447018728016,0.9284570217132568,0.9415794610977172,6.951258182525635,3.426581621170044,0.2408673167228698,-0.0963778123259544
entry-0000120,CC(C)[C@H](N)C(=O)N1CC(c2cc(F)ccc2F)=C[C@@H]1c1cccc(O)c1,PEUBMPVLEUTSNQ-UHFFFAOYSA-N,CC(C)C(N)C(=O)N1CC(c2cc(F)ccc2F)=CC1c1cccc(O)c1,1.0,0.7990563088848548,0.9293215915174128,0.9605103,0.99789304,0.88659924,0.97120124,0.9846229,0.995124876499176,0.2084828466176986,0.8702893257141113,0.934934017595308,0.9614516247425616,0.7976406946605875,0.6054429980016095,0.694048680983266,0.8885143399238586,0.986613154411316,6.796475410461426,2.828441858291626,0.4823700785636902,0.1614263504743576
entry-0000121,CN(C)C(=O)N1CC(c2cc(F)ccc2F)=C[C@@H]1c1cccc(O)c1,KFCPOTABOSFYOA-UHFFFAOYSA-N,CN(C)C(=O)N1CC(c2cc(F)ccc2F)=CC1c1cccc(O)c1,1.0,0.7864705128581372,0.9584954763733065,0.98340374,0.98380953,0.829163,0.84946513,0.86070675,0.9482030272483826,0.4797414541244507,0.7708003520965576,0.7926781253394157,0.851449667537633,0.6671913131242493,0.7391918243786955,0.6135335973685474,0.8450780510902405,0.9298086166381836,6.726936340332031,3.333024501800537,0.7393742203712463,0.5238446593284607
entry-0000122,CN(CCCN)C(=O)N1CC(c2cc(F)ccc2F)=C[C@H]1c1ccccc1,QRNZXNUHQIYSQV-UHFFFAOYSA-N,CN(CCCN)C(=O)N1CC(c2cc(F)ccc2F)=CC1c1ccccc1,1.0,0.8766210901911959,0.9461049720951192,0.9918208,0.9850239,0.98177403,0.93424463,0.97403145,0.999999701976776,0.7374592423439026,0.8846467733383179,0.820210358699296,0.8698318571634218,0.7957397837945689,0.7485870123025915,0.9335140249544148,0.9433668255805968,0.9984829425811768,6.8166022300720215,3.4669125080108643,0.6038165092468262,0.2151709198951721
entry-0000123,CC(C)(CN)C(=O)N1CC(c2cc(F)ccc2F)=C[C@@H]1c1ccccc1,ZPUWHZPEHISDSA-UHFFFAOYSA-N,CC(C)(CN)C(=O)N1CC(c2cc(F)ccc2F)=CC1c1ccccc1,1.0,0.8338410591897047,0.8997572621392665,0.97863704,0.9790749,0.51262814,0.9917326,0.99013996,0.9999948143959044,0.4777991771697998,0.8876245021820068,0.956439393939394,0.8424742768514861,0.7891714039342635,0.8094840641336396,0.8509692516318571,0.9420302510261536,0.9865304231643676,6.804684162139893,3.4868454933166504,0.7180358171463013,0.158704861998558
entry-0000124,O=C1NC[C@@H](c2ccccc2)C12CCN([C@H]1CCCC[C@@]1(O)C1CCC(F)CC1)CC2,NTZONPNMYOBHJW-UHFFFAOYSA-N,O=C1NCC(c2ccccc2)C12CCN(C1CCCCC1(O)C1CCC(F)CC1)CC2,1.0,0.7988632614342612,0.9673850123947696,0.7868623,0.850816,0.9923255,0.90157014,0.9917145,0.7249242663383484,0.7677396535873413,0.7571369409561157,0.8141835016835017,0.8745622487940912,0.6624741656134728,0.7412751457590314,0.6585860628356728,0.8302503228187561,0.7198268175125122,8.17056655883789,3.647108793258667,-0.9440975189208984,-1.860312819480896
entry-0000125,Nc1nc2ccc(OC(F)(F)F)cc2s1,FTALBRSUTCGOEG-UHFFFAOYSA-N,Nc1nc2ccc(OC(F)(F)F)cc2s1,0.0,0.2484283561467344,0.041983722868472,0.02091196,0.36084524,0.28133246,0.24320786,0.34435436,0.5006715655326843,0.3403563797473907,0.220407098531723,0.181390977443609,0.4891215503419716,0.0609773230636228,0.3629791465123505,0.3653893286095445,0.2070453017950058,0.9988403916358948,5.278466701507568,-0.532558262348175,0.1455238312482834,1.6614598035812378
entry-0000126,CCOc1ccccc1OCC[NH2+][C@H](C)Cc1ccc(OC)c(S(N)(=O)=O)c1,DRHKJLXJIQTDTD-UHFFFAOYSA-N,CCOc1ccccc1OCCNC(C)Cc1ccc(OC)c(S(N)(=O)=O)c1,0.0,0.7773431319389018,0.9891158870259676,0.991358,0.46490923,0.7330695,0.5642325,0.94150764,0.97820645570755,0.6849673986434937,0.8164652585983276,0.9673835125448028,0.4736254710198024,0.6712599682422494,0.8146425186201575,0.7880543405460674,0.850628674030304,0.9501234889030457,8.497145652770996,0.2392194867134094,0.452490359544754,-0.0259753633290529
entry-0000127,C[NH+](CCOc1ccc(NS(C)(=O)=O)cc1)CCc1ccc(NS(C)(=O)=O)cc1,IXTMWRCNAAVVAI-UHFFFAOYSA-N,CN(CCOc1ccc(NS(C)(=O)=O)cc1)CCc1ccc(NS(C)(=O)=O)cc1,1.0,0.5758450796954812,0.0999883760796151,0.9989109,0.5672458,0.40233004,0.110752404,0.477078,0.9999997615814208,0.7276989221572876,0.7725241780281067,0.8408187707550766,0.3942202408895491,0.7797302593886445,0.7099169715089068,0.6075339616155059,0.8801760673522949,0.3623376190662384,6.828945159912109,-0.6465092301368713,0.6182820200920105,0.4858802855014801
entry-0000128,Cc1cc2c(s1)Nc1ccccc1N=C2N1CC[NH2+]CC1,FHPIXVHJEIZKJW-UHFFFAOYSA-N,Cc1cc2c(s1)Nc1ccccc1N=C2N1CCNCC1,1.0,0.9143341785782548,0.9891372726331448,0.99880856,0.99168515,0.98188144,0.9874868,0.98697734,0.997965931892395,0.8914055824279785,0.8294724822044373,0.9989384288747346,0.9417164705368904,0.9415537230059784,0.7682471549206951,0.9215998586979316,0.9044846296310424,0.9977987408638,7.529093265533447,5.829686641693115,0.2827601432800293,0.9303974509239196
entry-0000129,C[NH+]1CCN(C2=Nc3ccccc3Nc3sc(CO)cc32)CC1,FPDIERBPQFAFSI-UHFFFAOYSA-N,CN1CCN(C2=Nc3ccccc3Nc3sc(CO)cc32)CC1,1.0,0.838388639848548,0.9871142141431104,0.9890339,0.98567766,0.868548,0.8163335,0.74715096,0.9923389554023744,0.7344168424606323,0.5517712831497192,0.8461606510969567,0.906081461816421,0.9152895216732714,0.8263872955823256,0.849796139554242,0.8280466198921204,0.7989110350608826,7.830561637878418,5.677947998046875,0.0914410874247551,0.8198814392089844
entry-0000130,Cc1cc2c(s1)Nc1ccccc1N=C2N1CC[NH+](C)CC1,KVWDHTXUZHCGIO-UHFFFAOYSA-N,Cc1cc2c(s1)Nc1ccccc1N=C2N1CCN(C)CC1,1.0,0.8985325946511385,0.9830254101267172,0.9992886,0.9920985,0.9826665,0.90711325,0.9314082,0.988186538219452,0.841448962688446,0.802093505859375,0.9989384288747346,0.9417164705368904,0.9286358635545054,0.8263872955823256,0.7956101473344074,0.9047672748565674,0.9585175514221193,7.9520158767700195,5.974948406219482,0.2275626808404922,0.9389550685882568
entry-0000131,CCn1cc(C(=O)[O-])c(=O)c2cc(F)c(N3CC[NH2+][C@H](C)C3)c(F)c21,ZEKZLJVOYLTDKK-UHFFFAOYSA-N,CCn1cc(C(=O)O)c(=O)c2cc(F)c(N3CCNC(C)C3)c(F)c21,0.0,0.245602168035253,0.0725845802784573,0.009799321,0.063104145,0.06295991,0.5458675,0.08617189,8.934678044170141e-05,0.0975175648927688,0.2420207262039184,0.0016835016835016,0.5757670691440789,0.3533348121857439,0.7412751457590314,0.2202509686790163,0.3144853413105011,0.5259004831314087,6.367149353027344,6.025154113769531,-0.7291440963745117,1.446173906326294
